416,437,ATQDADSSRKLAHLLNAVTDAL
416,438,ATQDADSSRKLAHLLNAVTDALV
435,458,DALVWVIAKSGISSQQQSMRLANL
274,295,EAEPPHVLISRPSAPFTEASMM
257,272,ELLLDALSPEQLVLTL
355,362,IFAPDLVL
282,294,ISRPSAPFTEASM
282,295,ISRPSAPFTEASMM
260,267,LDALSPEQ
273,294,LEAEPPHVLISRPSAPFTEASM
273,295,LEAEPPHVLISRPSAPFTEASMM
492,497,LEMLNA
492,502,LEMLNAHVLRG
462,479,LSHVRHASNKGMEHLLNM
437,458,LVWVIAKSGISSQQQSMRLANL
296,309,MSLTKLADKELVHM
296,324,MSLTKLADKELVHMISWAKKIPGFVELSL
299,319,TKLADKELVHMISWAKKIPGF
299,324,TKLADKELVHMISWAKKIPGFVELSL
271,294,TLLEAEPPHVLISRPSAPFTEASM
271,295,TLLEAEPPHVLISRPSAPFTEASMM
433,458,VTDALVWVIAKSGISSQQQSMRLANL
438,453,VWVIAKSGISSQQQSM
345,362,WRSIDHPGKLIFAPDLVL
439,455,WVIAKSGISSQQQSMRL