Sequence ,Max Uptake,10 sec,1 min,10 min,1 hour,4 hours
VILESIF,6,1.13,1.79,2.42,2.70,3.09
LKRSQQKKKTSPLN,12,6.75,6.73,7.01,7.05,7.01
LKRSQQKKKTSPLNF,13,7.06,7.00,7.21,6.90,7.08
LTVHKLSY,7,0.60,1.27,1.73,1.81,1.96
LTVHKLSYYE,9,0.62,1.46,2.40,2.67,2.88
LTVHKLSYYEYD,11,1.26,2.64,3.83,4.13,4.40
TVHKLSY,6,0.38,0.90,1.26,1.27,1.45
YEYDFERGRRGSKKGSIDVE,19,5.55,7.71,8.42,8.82,9.11
YEYDFERGRRGSKKGSIDVEKITC,23,5.38,7.64,8.58,8.65,9.62
DFERGRRGSKKGSIDVE,16,4.88,6.55,7.49,7.32,7.74
DFERGRRGSKKGSIDVEKITCVE,22,4.71,6.40,7.83,7.90,8.80
FERGRRGSKKGSIDVE,15,4.52,5.89,6.97,7.07,7.18
FERGRRGSKKGSIDVEKITC,19,3.78,5.53,6.07,6.49,7.39
FERGRRGSKKGSIDVEKITCVE,21,4.06,5.58,6.91,7.11,7.94
VEKITCVE,7,0.14,0.46,0.86,1.06,1.72
VETVIPEKNPPPERQIPR,12,6.09,7.03,7.71,8.19,8.84
VETVIPEKNPPPERQIPRRGEE,16,7.88,8.85,9.22,9.59,10.25
VETVIPEKNPPPERQIPRRGEES,17,8.81,9.75,10.20,10.51,11.17
VETVIPEKNPPPERQIPRRGEESSE,19,9.29,10.24,10.60,11.01,11.64
VETVIPEKNPPPERQIPRRGEESSEM,20,9.78,10.88,11.14,11.51,12.32
TVIPEKNPPPERQIPRRGEE,14,7.60,8.10,8.41,8.59,9.08
TVIPEKNPPPERQIPRRGEES,15,8.58,9.03,9.29,9.60,10.07
TVIPEKNPPPERQIPRRGEESSE,17,8.99,9.57,9.81,10.09,10.69
TVIPEKNPPPERQIPRRGEESSEM,18,9.54,10.18,10.34,10.68,11.19
PEKNPPPERQIPRRGEE,11,7.59,8.01,8.22,8.38,8.69
ISIIERFPYPFQ,9,3.79,4.01,4.00,4.03,4.09
IIERFPYPFQ,7,2.00,2.15,2.26,2.28,2.23
IIERFPYPFQVVY,10,1.91,2.22,2.78,3.01,3.05
IIERFPYPFQVVYDEGPL,14,3.18,3.82,4.41,4.75,5.07
IIERFPYPFQVVYDEGPLYV,16,3.48,4.51,5.51,5.78,6.26
IERFPYPFQ,6,1.13,1.32,1.33,1.34,1.35
IERFPYPFQVV,8,1.33,1.58,1.56,1.54,1.57
IERFPYPFQVVY,9,1.27,1.56,2.08,2.26,2.31
VVYDEGPL,6,1.04,1.47,1.98,2.30,2.58
VVYDEGPLY,7,1.21,2.03,2.88,3.21,3.49
VVYDEGPLYV,8,0.89,1.63,2.33,2.71,2.92
VVYDEGPLYVF,9,1.09,1.96,2.77,3.09,3.20
VVYDEGPLYVFS,10,1.32,2.30,3.15,3.36,3.63
VVYDEGPLYVFSPTE,12,1.83,2.65,4.13,4.39,4.97
VVYDEGPLYVFSPTEE,13,2.20,3.19,4.65,5.08,5.39
VVYDEGPLYVFSPTEEL,14,3.13,4.20,5.56,6.05,6.39
DEGPLYV,5,0.63,1.29,1.62,1.66,1.88
DEGPLYVFSPTEE,10,1.68,2.42,3.23,3.43,3.83
DEGPLYVFSPTEEL,11,2.57,3.44,4.19,4.55,4.81
YVFSPTEE,6,1.15,1.25,1.79,1.93,1.93
YVFSPTEEL,7,1.69,1.79,2.25,2.38,2.41
YVFSPTEELRKRWIHQLKNVIRY,21,2.37,2.76,4.73,5.99,7.30
VFSPTEE,5,1.14,1.32,1.85,1.98,1.99
VFSPTEEL,6,2.08,2.14,2.89,2.94,2.97
FSPTEEL,5,2.16,2.29,2.83,3.02,2.98
LRKRWIHQLKNVIRY,14,0.81,1.29,2.03,3.15,4.55
VIRYNSDL,7,3.19,3.67,4.06,4.14,4.18
LVQKYHPCF,7,0.90,1.24,1.42,1.95,2.61
VQKYHPCF,6,0.41,0.77,0.95,1.49,2.13
QKYHPCF,5,0.28,0.46,0.59,1.03,1.59
WIDGQYL,6,0.85,1.13,1.50,2.32,2.63
WIDGQYLC,7,0.95,1.22,1.56,2.37,2.69
LCCSQTAKNAMG,11,4.97,5.95,6.77,6.96,6.87
LCCSQTAKNAMGCQ,13,4.59,5.68,6.41,6.73,7.08
CCSQTAKNAMGCQ,12,4.71,5.67,6.50,6.75,7.17
CSQTAKNAMGCQ,11,4.16,5.09,5.76,6.03,6.40
SQTAKNAMG,8,4.03,4.84,5.27,5.23,5.26
SQTAKNAMGC,9,4.20,5.13,5.43,5.38,5.58
SQTAKNAMGCQ,10,3.49,4.38,4.72,4.90,5.30
SQTAKNAMGCQIL,12,4.73,5.87,6.85,7.05,7.49
TAKNAMGCQ,8,3.00,3.58,3.90,4.08,4.41
CQILENRNGSLK,11,6.46,6.72,7.57,7.39,7.52
QILENRNGSLK,10,5.55,5.91,6.39,6.38,6.41